id,date,nb_of_txs,initiator_name,payment_information_id,payment_method,batch_booking,ctrl_sum,service_level_code,requested_execution_date,debtor_name,debtor_account_IBAN,debtor_agent_BIC,charge_bearer,payment_id,payment_amount,currency,creditor_agent_BIC,creditor_name,creditor_account_IBAN,remittance_information,forwarding_agent_BIC,payment_currency
1,2023-03-10T15:30:47.000Z,2,John Doe,Payment-Info-12345,TRF,TRUE,2,SEPA,2023-03-12,Acme Corp,DE75512108001245126162,DEUTDEFFXXX,DEBT,PaymentID6789,150.00,EUR,DEUTDEFFXXX,Global Tech,DE68210501700024690959,Payment for Invoice-98765,FA98765,EUR
2,2023-03-11T10:20:18.000Z,3,Jane Smith,Payment-Info-67890,TRF,TRUE,3,SEPA,2023-03-14,Brown Industries,DE44500105175407324931,DEUTDEFFXXX,DEBT,PaymentID4321,300.00,EUR,DEUTDEFFXXX,Green Energy,DE89370400440532013008,Payment for Invoice-12345,FA24680,EUR
3,2023-03-11T11:45:23.000Z,1,Michael Johnson,Payment-Info-24680,TRF,TRUE,1,SEPA,2023-03-13,Alpha Electronics,DE47500105175711000100,DEUTDEFFXXX,DEBT,PaymentID1357,250.00,EUR,DEUTDEFFXXX,Beta Chemicals,DE44500105175407123457,Payment for Invoice-24680,FA13579,EUR
4,2023-03-12T09:12:34.000Z,2,Emily Watson,Payment-Info-86420,TRF,TRUE,2,SEPA,2023-03-15,Delta Manufacturing,DE25500105176602214896,DEUTDEFFXXX,DEBT,PaymentID2468,175.00,EUR,DEUTDEFFXXX,Gamma Logistics,DE53500105176502098765,Payment for Invoice-86420,FA86420,EUR
5,2023-03-12T14:23:17.000Z,3,Robert Brown,Payment-Info-59162,TRF,TRUE,3,SEPA,2023-03-16,Smart Solutions,DE86500105174603245678,DEUTDEFFXXX,DEBT,PaymentID4815,225.00,EUR,DEUTDEFFXXX,Eco Innovations,DE18500105175001478962,Payment for Invoice-59162,FA59162,EUR
